name,ingredients,url,image,cookTime,recipeYield,datePublished,prepTime,description,Total Time,Difficulty
Easy Green Chile Enchiladas,"1 whole Onion, Diced
2 Tablespoons Butter
1 can (15 Ounce) Green Enchilada Sauce
2 cans (4 Ounce) Chopped Green Chilies
12 whole Corn Tortillas
2 cups Freshly Grated Cheddar (or Cheddar-jack) Cheese (or Any Cheese You'd Like)
 Sour Cream
 Salsa
 Pico De Gallo (optional)
 Guacamole (optional)
 Cilantro Leaves, Optional",http://thepioneerwoman.com/cooking/2012/05/easy-green-chile-enchiladas/,http://static.thepioneerwoman.com/cooking/files/2012/05/enchilada.jpg,PT10M,4,2012-05-31,PT5M,"When I was in Albuquerque with Marlboro Man and the boys a month ago, I had a really fun book signing. Such incredibly nice a...",900.0,Easy
Easy Green Chile Enchiladas,"1 whole Onion, Diced
2 Tablespoons Butter
1 can (15 Ounce) Green Enchilada Sauce
2 cans (4 Ounce) Chopped Green Chilies
12 whole Corn Tortillas
2 cups Freshly Grated Cheddar (or Cheddar-jack) Cheese (or Any Cheese You'd Like)
 Sour Cream
 Salsa
 Pico De Gallo (optional)
 Guacamole (optional)
 Cilantro Leaves, Optional",http://thepioneerwoman.com/cooking/2012/05/easy-green-chile-enchiladas/,http://static.thepioneerwoman.com/cooking/files/2012/05/enchilada.jpg,PT10M,4,2012-05-31,PT5M,"When I was in Albuquerque with Marlboro Man and the boys a month ago, I had a really fun book signing. Such incredibly nice a...",900.0,Easy
Spicy Stewed Beef with Creamy Cheddar Grits,"2 Tablespoons Canola Oil
2 Tablespoons Butter
3 pounds Stew Meat Or Diced Chuck Roast
1 can (11 Ounces) Chipotle Peppers In Adobo Sauce
4 cups Low-sodium Beef Broth, More If Needed
5 cloves Minced Garlic
1 Tablespoon Cumin
2 teaspoons Chili Powder
1 whole Onion, Diced
1 whole Red Bell Pepper
3 whole Chilies (any Variety, Hot Or Mild)
4 cups Stone Ground Grits
6 cups Low Sodium Chicken (or Beef) Broth
3 cups Water
2 cups Half-and-half
2 cups Grated Cheddar Cheese",http://thepioneerwoman.com/cooking/2012/01/spicy-stewed-beef-with-creamy-cheddar-grits/,http://static.thepioneerwoman.com/cooking/files/2012/01/stewedbeef.jpg,PT3H,12,2012-01-30,PT20M,"My oh my, was this good. Ultra spicy, seriously tender stewed meat served over unbelievably creamy cheese grits. The spicines...",12000.0,Hard
Vegetarian Lettuce Wraps,"2 teaspoons Peanut Or Olive Oil
1 package (about 12-14 Oz. Size) Firm Tofu
2 ears Corn (or 1 1/2 Cups Frozen Corn Kernels)
1/4 teaspoon Chili Powder (more To Taste)
1/4 cup Soy Sauce
 Romaine Lettuce Hearts
2 whole Avocados, Sliced
1 teaspoon Balsamic Vinegar (optional)",http://thepioneerwoman.com/cooking/2012/02/vegetarian-lettuce-wraps/,http://static.thepioneerwoman.com/cooking/files/2012/02/wraps.jpg,PT15M,6,2012-02-22,PT5M,"Today is Ash Wednesday, the beginning of Lent, and I'd like to share this exceedingly meatless treat with you that I've been ...",1200.0,Easy
Petite Vanilla Scones," SCONES
3 cups All-purpose Flour
2/3 cups Sugar
5 teaspoons Baking Powder
1/4 teaspoon Salt
2 sticks (1/2 Pound) UNSALTED Butter, Chilled
1 whole Large Egg
3/4 cups Heavy Cream (more If Needed)
2 whole Vanilla Beans
 GLAZE
5 cups Powdered Sugar, Sifted
1/2 cup Whole Milk, More If Needed For Thinning
1 whole Vanilla Bean
 Dash Of Salt",http://thepioneerwoman.com/cooking/2012/03/petite-vanilla-scones/,http://static.thepioneerwoman.com/cooking/files/2012/03/scone.jpg,PT20M,12,2010-04-08,PT20M,"On today's episode of the Food Network show, I have a breakfast theme going on. One of the things I decided to make were thes...",2400.0,Medium
Grillin’ Recipe Contest Winners!,"4 whole Ribeye, Hanger, Flat Iron, Or Strip Steaks
1/2 teaspoon Ground Nutmeg
1/2 teaspoon Ground Cumin
1 teaspoon Ground Cinnamon
1 teaspoon Ground Ginger
2 Tablespoons Chili Powder
1/2 teaspoon Ground Turmeric
2 Tablespoons Garlic Salt
1 cup Olive Oil
2 cans Bush's Grillin Beans Steakhouse Recipe",http://thepioneerwoman.com/cooking/2012/05/grillin-recipe-contest-winners/,http://static.thepioneerwoman.com/cooking/files/2012/05/bushs41.jpg,PT5M,4,2012-05-17,PT10M,"Before I share my fourth and final grilling recipe, I’m busting at the seams to announce the winners of the Bush’s Grilli...",900.0,Easy
Frito Chili Pie,"2 pounds Ground Chuck
3 cloves Garlic, Minced (optional)
1 can (12 To 14 Ounce) Tomato Sauce
1 can (10 Ounce) Ro-tel (diced Tomatoes And Chilies)
1/2 teaspoon Salt
1 teaspoon Ground Oregano
1 Tablespoon Ground Cumin
2 Tablespoons Chili Powder (more To Taste)
1 can (14-ounce) Kidney Beans, Drained And Rinsed
1 can (14-ounce) Pinto Beans, Drained And Rinsed
1/4 cup Masa (corn Flour) Or Regular Corn Meal
1/2 cup Warm Water
 Individual Bags Of Fritos
 Grated Sharp Cheddar Cheese
 Diced Red Onion (Optional)",http://thepioneerwoman.com/cooking/2011/09/frito-chili-pie/,http://static.thepioneerwoman.com/cooking/files/2011/09/TPW_1850.jpg,PT1H,8,2011-09-26,PT5M,"We're submerged in football right now. There's no other way to put it. Marlboro Man is coaching my two boys' football team, M...",3900.0,Hard
Beef Noodle Salad Bowls,"1 whole Sirloin Steak, 3/4 To 1 Pound
 Kosher Salt To Taste
3/4 cups Ponzo Or Regular Soy Sauce
3 Tablespoons Pure Sesame Oil
2 Tablespoons Olive Oil
2 Tablespoons Rice Wine Vinegar
1 teaspoon Hot Chili Oil (less If You Can't Handle Heat!)
2 cloves Garlic, Peeled And Minced Finely
2 teaspoons Minced Fresh Ginger
2 Tablespoons Packed Brown Sugar
1/2 cup Sliced Green Onion
8 ounces, weight Thin Noodles (I Used Thin Spaghetti)
 Cilantro Leaves",http://thepioneerwoman.com/cooking/2011/05/beef-noodle-salad-bowls/,http://static.thepioneerwoman.com/cooking/files/2011/05/5712043212_092a8fe85d_o.jpg,PT10M,4,2011-05-12,PT10M,At the salad supper I attended a couple of weeks ago--the one that gave birth to this chicken salad I made recently--four sal...,1200.0,Easy
Beef and Bean Burritos,"2 pounds Ground Beef
1/2 whole Medium Onion
1 can (7 Ounce) Mexican Tomato Sauce Or Enchilada Sauce
 Salt And Pepper, to taste
 Cumin, Oregano, Chili Powder, Garlic To Taste
1 can (28 Ounce) Refried Beans
3/4 cups Grated Cheddar Cheese
12 whole Burrito-sized Flour Tortillas
 Extra Grated Cheese, For Sprinkling
 Extra Sauce, For Drizzling
 Cilantro Leaves, Optional
 Optional Filling Ingredients: Mexican Rice, Sour Cream, Guacamole, Green Chilies, Pico De Gallo",http://thepioneerwoman.com/cooking/2010/07/brown-hot-and-plenty-of-it-vol-i/,http://static.thepioneerwoman.com/cooking/files/2010/07/4784959605_c5713e9e4b_b.jpg,PT11M,6,2010-07-12,PT5M,"First, an important clarification: The Pioneer Woman Cooks is not meant to be an encyclopedia of innovative gourmet recipes. ...",960.0,Easy
Chicken Tortilla Soup,"2 whole Boneless, Skinless Chicken Breasts
1 Tablespoon Olive Oil
1-1/2 teaspoon Cumin
1 teaspoon Chili Powder
1/2 teaspoon Garlic Powder
1/2 teaspoon Salt
1 Tablespoon Olive Oil
1 cup Diced Onion
1/4 cup Diced Green Bell Pepper
1/4 cup Red Bell Pepper
3 cloves Garlic, Minced
1 can (10 Oz. Can) Rotel Tomatoes And Green Chilies
32 ounces, fluid Low Sodium Chicken Stock
3 Tablespoons Tomato Paste
4 cups Hot Water
2 cans (15 Oz. Can) Black Beans, Drained
3 Tablespoons Cornmeal Or Masa
5 whole Corn Tortillas, Cut Into Uniform Strips Around 2 To 3 Inches
 _____
 FOR THE GARNISHES:
 Sour Cream
 Diced Avocado
 Diced Red Onion
 Salsa Or Pico De Gallo
 Grated Monterey Jack Cheese
 Cilantro",http://thepioneerwoman.com/cooking/2011/01/chicken-tortilla-soup/,http://static.thepioneerwoman.com/cooking/files/2011/01/5337400468_d5892f3a03_o.jpg,PT1H30M,8,2011-01-10,PT10M,"I love, love, love, love Chicken Tortilla Soup. So over the weekend, I made some.     The end.     Wasn't that a beautiful st...",6000.0,Hard
My Brother’s Chicken Tacos,"16 whole Corn Tortillas (small Size)
4 whole Boneless, Skinless Chicken Breasts, Cut Into Pieces
 Salt, Cumin, Chili Powder To Taste (or Use Taco Seasoning)
2 Tablespoons Canola Oil
2 cans (4 Ounce) Diced Green Chilies
1-1/2 cup Finely Grated Cheese (cheddar Or Cheddar/jack Mix)
 Sour Cream
 Hot Sauce (Chulula Or Other Brand)
2 cups Thinly Sliced Romaine Lettuce (or Any Lettuce)
4 whole Roma Tomatoes, Diced
 Canola Oil, For Frying Tacos",http://thepioneerwoman.com/cooking/2011/03/my-brothers-chicken-tacos/,http://static.thepioneerwoman.com/cooking/files/2011/03/tacos.jpg,PT30M,8,2011-03-31,PT10M,"Before I share this recipe with you, let me warn you: it's a royal mess. But as is the case with many messy dishes (cinnamon ...",2400.0,Medium
Breakfast Burritos to Go,"1 whole Recipe Of  Ree's Basic Breakfast Potatoes
1 pound Breakfast Sausage
12 whole Eggs
 Chopped Chives, to taste
 Seasoned Salt And Pepper, to taste
1 cup Monterey Jack Cheese
 Flour Tortillas",http://thepioneerwoman.com/cooking/2008/08/breakfast-burritos-to-go/,http://static.thepioneerwoman.com/cooking/files/2008/08/Breakfast-Burritos-to-Go.jpg,PT30M,4,2008-08-19,PT15M,Disclaimer: These breakfast burritos are not fancy. These breakfast burritos are not gourmet. These breakfast burritos are no...,2700.0,Medium
Corn Chowder with Chilies,"2 slices Bacon, Cut Into 1/2-inch Pieces (or Smaller)
2 Tablespoons Butter
1-1/2 whole Yellow Onion, Diced
5 ears Corn, Shucked (about 4 Cups)
2 whole Chipotle Peppers In Adobo Sauce, Finely Diced
1 whole 4-ounce Can Diced Green Chilies
32 ounces, fluid Low Sodium Chicken Broth
1-1/2 cup Heavy Whipping Cream
1/2 teaspoon Kosher Salt (more To Taste)
3 Tablespoons Corn Meal OR Masa
1/4 cup Water",http://thepioneerwoman.com/cooking/2010/10/corn-chowder-with-chilies/,http://static.thepioneerwoman.com/cooking/files/2010/10/chowder.jpg,PT20M,8,2010-10-08,PT10M,"This is to die for.     It's just a regular corn chowder made with fresh corn shaved off the cob, which is yummy enough as it...",1800.0,Medium
Creamy Cheese Grits with Chilies,"4-1/2 cups Water
1/2 teaspoon Salt
1 cup Grits (quick Or Regular)
1/2 can (10 Ounce Can) Rotel (tomatoes And Chilies)
1 can (4 Ounce Can) Chopped Green Chilies
8 ounces, weight Monterey Jack Cheese, Grated
4 ounces, weight Cream Cheese, Cut Into Cubes
1/4 teaspoon Cayenne Pepper
1/4 teaspoon Paprika
 Black Pepper To Taste
1 whole Egg Beaten",http://thepioneerwoman.com/cooking/2010/10/creamy-cheese-grits-with-chilies/,http://static.thepioneerwoman.com/cooking/files/2010/10/5079611293_ff628b6e0c_z.jpg,PT45M,8,2010-10-14,PT5M,"I have a good, basic recipe for cheese grits in my cookbook, but last night I was feeling feisty.     I was cooking steaks. B...",3000.0,Medium
Creamy Cheese Grits with Chilies,"4-1/2 cups Water
1/2 teaspoon Salt
1 cup Grits (quick Or Regular)
1/2 can (10 Ounce Can) Rotel (tomatoes And Chilies)
1 can (4 Ounce Can) Chopped Green Chilies
8 ounces, weight Monterey Jack Cheese, Grated
4 ounces, weight Cream Cheese, Cut Into Cubes
1/4 teaspoon Cayenne Pepper
1/4 teaspoon Paprika
 Black Pepper To Taste
1 whole Egg Beaten",http://thepioneerwoman.com/cooking/2010/10/creamy-cheese-grits-with-chilies/,http://static.thepioneerwoman.com/cooking/files/2010/10/5079611293_ff628b6e0c_z.jpg,PT45M,8,2010-10-14,PT5M,"I have a good, basic recipe for cheese grits in my cookbook, but last night I was feeling feisty.     I was cooking steaks. B...",3000.0,Medium
Butternut Squash &amp; Kale Quesadillas,"1/2 whole Butternut Squash, Peeled, Seeded, And Diced.
2 Tablespoons Butter
1 Tablespoon Olive Oil
1/2 teaspoon Kosher Salt
 Black Pepper To Taste
1/4 teaspoon Chili Powder (more To Taste)
1 bunch Kale, Leaves Torn, Stalks Discarded
8 whole Small (fajita Sized) Flour Tortillas
 Extra Butter For Frying
2-1/2 cups Monterey Jack Cheese, Grated (more If Needed)
 Sour Cream For Serving
 Cilantro, For Serving
 Pico De Gallo, Salsa, Avocado Slices (optional) For Serving",http://thepioneerwoman.com/cooking/2013/01/butternut-squash-kale-quesadillas/,http://static.thepioneerwoman.com/cooking/files/2013/01/squashkale.jpg,PT20M,4,2013-01-07,PT15M,I am a passionate lover of butternut squash. I've written before about how a spoonful of butternut squash puree (spiked with ...,2100.0,Medium
Restaurant Style Salsa,"1 can (28 Ounce) Whole Tomatoes With Juice
2 cans (10 Ounce) Rotel (diced Tomatoes And Green Chilies)
1/4 cup Chopped Onion
1 clove Garlic, Minced
1 whole Jalapeno, Quartered And Sliced Thin
1/4 teaspoon Sugar
1/4 teaspoon Salt
1/4 teaspoon Ground Cumin
1/2 cup Cilantro (more To Taste!)
1/2 whole Lime Juice",http://thepioneerwoman.com/cooking/2010/01/restaurant-style-salsa/,http://static.thepioneerwoman.com/cooking/files/2010/07/4307514771_c089bbd7101.jpg,PT,12,2010-01-27,PT10M,"Okay. Here's the situation:     I am completely high maintenance when it comes to salsa.     Now, I'm not talking about Pico ...",600.0,Easy
Passover Brisket,"1 whole Beef Brisket, Trimmed Of All Fat (5 To 8 Pounds)
1 bottle (24 Ounce) Ketchup Or Chili Sauce (make Sure It's Kosher)
1 package Onion Soup Mix (make Sure It's Kosher)",http://thepioneerwoman.com/cooking/2010/03/passover-brisket-i-think/,http://static.thepioneerwoman.com/cooking/files/2010/07/4475462524_0903f9b850.jpg,PT7H,8,2010-03-30,PT10M,"Okay. I think we've more than established that when it comes to correct methods for cooking and serving Passover food, I am n...",25800.0,Hard
Petite Vanilla Bean Scones," SCONES
3 cups All-purpose Flour
2/3 cups Sugar
5 teaspoons Baking Powder
1/4 teaspoon Salt
2 sticks (1/2 Pound) UNSALTED Butter, Chilled
1 whole Large Egg
3/4 cups Heavy Cream (more If Needed)
2 whole Vanilla Beans
 GLAZE
5 cups Powdered Sugar, Sifted
1/2 cup Whole Milk, More If Needed For Thinning
1 whole Vanilla Bean
 Dash Of Salt",http://thepioneerwoman.com/cooking/2010/04/petite-vanilla-bean-scones/,http://static.thepioneerwoman.com/cooking/files/2010/07/4494690421_8eafa4e525_o.jpg,PT20M,12,2010-04-08,PT20M,"When I went to the big city last week to attempt to get my hair colored Lucille Ball red, I stopped at Starbucks to buy three...",2400.0,Medium
Butternut Squash Risotto,"1/2 whole Butternut Squash, Peeled, Seeded, And Diced.
3 Tablespoons Butter
1 Tablespoon Olive Oil
1/2 teaspoon Kosher Salt
 Black Pepper To Taste
1/4 teaspoon Chili Powder
1/2 whole Diced Onion
1-1/2 cup Arborio Rice
6 cups (approximately) Vegetable Or Chicken Broth (low Sodium)
 Salt And Pepper, to taste
1/8 teaspoon Turmeric
1/4 cup Heavy Cream (less If Desired)
1/2 cup Parmesan Shavings (more For Serving)
 Finely Minced Parsley, For Serving",http://thepioneerwoman.com/cooking/2013/01/butternut-squash-risotto/,http://static.thepioneerwoman.com/cooking/files/2013/01/risotto.jpg,PT1H,8,2013-01-21,PT10M,"A couple of weeks ago, I cooked Butternut Squash &amp; Kale Quesadillas. The same day, because I had hacked into a whole butternu...",4200.0,Hard
White Chicken Enchiladas,"2-1/2 cups Cooked, Shredded Chicken
2 cups Reserved Broth From Chicken
3 Tablespoons Canola Oil
12 whole Corn Tortillas
1 whole Large Onion, Diced
3 whole 4 Oz Cans Whole Green Chilies, Diced
1 whole Jalapeno, Seeded And Finely Diced
1 teaspoon Paprika
1/2 cup Heavy Cream
2 Tablespoons Butter
2 Tablespoons Flour
1 cup Sour Cream
2-1/2 cups Monterey Jack Cheese, Grated
 Salt And Pepper, to taste
 Picante Sauce (optional)
 Cilantro, Chopped",http://thepioneerwoman.com/cooking/2009/11/white-chicken-enchiladas/,http://static.thepioneerwoman.com/cooking/files/2010/07/4060528829_67db52b435.jpg,PT30M,6,2009-11-09,PT45M,"I'm happy to share my method for making creamy, dreamy, delicious, nutritious, yummy, nummy white chicken enchiladas.    They...",4500.0,Hard
Good Ol’ Basic Mexican Rice,"2 Tablespoons Canola Oil
1/2 whole Large Onion, Chopped
2 cups Long Grain Rice
3 cloves Garlic, Minced
1 can Rotel Diced Green Chilies And Tomatoes (10 Ounce Can)
1 can Whole Tomatoes (14.5 Ounce Can)
2 cups Low Sodium Chicken Broth (more If Needed)
1 teaspoon Cumin (more To Taste)
1 teaspoon Kosher Salt
 Fresh Cilantro, Chopped",http://thepioneerwoman.com/cooking/2009/11/good-ol-basic-mexican-rice/,http://static.thepioneerwoman.com/cooking/files/2010/07/4021656171_abe77dc608.jpg,PT15M,6,2009-11-11,PT10M,I serve this rice with my White Chicken Enchiladas and they really are the perfect complement. It's a very basic Mexican rice...,1500.0,Easy
Lazy Chiles Rellenos,"8 whole Roasted, Peeled, And Seeded Green Chiles
1-1/2 cup Monterey Jack Cheese, Grated
5 whole Large Eggs
2 cups Whole Milk
 Salt And Black Pepper To Taste
1/2 teaspoon Paprika
1/4 teaspoon Cayenne Pepper",http://thepioneerwoman.com/cooking/2009/11/lazy-chiles-rellenos/,http://static.thepioneerwoman.com/cooking/files/2010/07/4098250665_65310ab692.jpg,PT45M,9,2009-11-12,PT5M,This dish ain't fancy.     This dish ain't difficult to make. (Huh. Understatement of the modern era.)    This dish...ain't n...,3000.0,Medium
White Chili,"1 whole Fryer Chicken, Cut Up (or 3 Cups Cooked Chicken)
1 whole Medium Onion, Diced
4 cloves Garlic, Minced
2 whole Cans Green Chilies, Chopped
1 pound Dried Great Northern Beans, Rinsed
8 cups Chicken Broth
1 whole Jalapeno, Sliced
1-1/2 Tablespoon Ground Cumin
1/2 teaspoon Paprika
1/2 teaspoon Cayenne Pepper
 Salt To Taste
 White Pepper, To Taste
1 cup Whole Milk
2 Tablespoons Masa (corn Flour) OR Cornmeal
 Grated Monterey Jack, To Taste
 Sour Cream For Garnish
 Cilantro For Garnish
 Guacamole (optional)
 Pico De Gallo (optional)
 Corn Tortillas, Warmed",http://thepioneerwoman.com/cooking/2010/01/simple-hearty-white-chili/,http://static.thepioneerwoman.com/cooking/files/2010/07/4243109382_1a797f44d2.jpg,PT2H,8,2010-01-04,PT25M,"I love white chili. And just like regular chili, there are as many incarnations as there are grains of sand in all the beache...",8700.0,Hard
Enchiladas," FOR THE SAUCE:
1 Tablespoon Canola Oil
1 Tablespoon All-purpose Flour
1 can (28 Ounce) Enchilada Or Red Sauce
2 cups Chicken Broth
1/2 teaspoon Salt
1/2 teaspoon Ground Black Pepper
2 Tablespoons Chopped Cilantro
 _____
 FOR THE MEAT:
1-1/2 pound Ground Beef
1 whole Medium Onion, Finely Diced
2 cans (4 Ounce) Diced Green Chilies
1/2 teaspoon Salt
 _____
 FOR THE TORTILLAS:
10 whole (to 14) Corn Tortillas
1/2 cup Canola Oil
 _____
 TO ASSEMBLE:
3 cups Grated Sharp Cheddar Cheese
1/2 cup Chopped Black Olives
1 cup Chopped Green Onions
1/2 cup Chopped Cilantro",http://thepioneerwoman.com/cooking/2008/09/simple-perfect-enchiladas/,http://static.thepioneerwoman.com/cooking/files/2008/09/Enchiladas.jpg,PT20M,6,2008-09-15,PT1H30M,"Okay, people. Let's get down to business here. Let's make enchiladas!     Did you know that in addition to having an imaginar...",6600.0,Hard
Fluffy New Potatoes,"9 whole (to 10) Medium To Large New Potatoes
2 Tablespoons Olive Oil
1/2 cup Sour Cream
4 ounces, weight Cream Cheese, Softened
1-1/2 cup Grated Monterey Jack Cheese
1 Tablespoon Chopped Chives
1 clove Garlic, Pressed
 Salt And Pepper, to taste",http://thepioneerwoman.com/cooking/2009/01/fluffy-new-potatoes/,http://static.thepioneerwoman.com/cooking/files/2010/07/3217299158_91723b7086.jpg,PT1H,8,2009-01-22,PT20M,"Simple, easy, simple, easy, simple, easy, YUM.    Hey, that was fun! Let's do it again:    Simple, easy, simple, easy, simple...",4800.0,Hard
Mexican Layer Dip,"1 can Refried Beans
 Tabasco Sauce, To Taste
1 can Diced Green Chilies
 Ground Cumin, to taste
3/4 cups Grated Sharp Cheddar Cheese
1 cup Sour Cream
1 cup Guacamole
3/4 cups Monterey Jack Cheese
1 can Black Olives
1 cup Pico De Gallo",http://thepioneerwoman.com/cooking/2009/01/mexican-layer-dip/,http://static.thepioneerwoman.com/cooking/files/2010/07/3240212440_rec_chil959a301.jpg,PT,8,2009-01-30,PT15M,"    It's the exact same Mexican Layer Dip I grew up eating in the eighties, with the exception of these modifications:    1. ...",900.0,Easy
Mexican Layer Dip,"1 can Refried Beans
 Tabasco Sauce, To Taste
1 can Diced Green Chilies
 Ground Cumin, to taste
3/4 cups Grated Sharp Cheddar Cheese
1 cup Sour Cream
1 cup Guacamole
3/4 cups Monterey Jack Cheese
1 can Black Olives
1 cup Pico De Gallo",http://thepioneerwoman.com/cooking/2009/01/mexican-layer-dip/,http://static.thepioneerwoman.com/cooking/files/2010/07/3240212440_rec_chil959a301.jpg,PT,8,2009-01-30,PT15M,"    It's the exact same Mexican Layer Dip I grew up eating in the eighties, with the exception of these modifications:    1. ...",900.0,Easy
Homemade Ranch Dressing,"1 clove (to 2 Cloves) Garlic
 Salt To Taste
1/4 cup Italian Flat-leaf Parsley
2 Tablespoons Fresh Chives
1 cup (Real) Mayonnaise
1/2 cup Sour Cream
 Buttermilk (as Needed To Desired Consistency)
 White Vinegar (optional, To Taste)
 Worcestershire Sauce, To Taste (optional)
 Fresh Dill (optional, To Taste)
 Cayenne Pepper (optional, To Taste)
 Paprika (optional, To Taste)
 Fresh Oregano (optional, To Taste)
 Tabasco (optional, To Taste)",http://thepioneerwoman.com/cooking/2008/06/homemade-ranch-dressing/,http://static.thepioneerwoman.com/cooking/files/2008/06/Homemade-Ranch-Dressing.jpg,PT,8,2008-06-06,PT2H,"Necessity is the mother of invention. Before I moved to the country and started raising a family, I hadn't a clue what that a...",7200.0,Hard
Quiche,"3/4 pounds Thick Cut, Peppered Bacon
1 stick Butter
1 whole Large (or 2 Medium) Onions, Very Thinly Sliced
2 boxes (5 Oz. Each) White Mushrooms, Washed And Sliced
1 can (14 Oz.) Quartered Artichoke Hearts
1 whole Pie Crust, Or Half A Recipe Of ""Sylvia's Perfect Pie Crust""
7 whole Eggs
1-1/2 cup Heavy Cream
2 cups Grated Swiss Cheese
 Salt And Pepper, to taste
 Optional:  Fresh Parsley, Fresh Chives",http://thepioneerwoman.com/cooking/2009/04/quiche/,http://static.thepioneerwoman.com/cooking/files/2010/07/3459342012_c55937eb23.jpg,PT1H,8,2009-04-20,PT45M,    Fact: Real cowboys don't eat quiche.    But that just leaves more for me!    I've been making this deep-dish quiche---and...,6300.0,Hard
Leftover Brisket Tostadas," Beef Brisket Leftovers
1 package Small Corn Tortillas
1 can (about 16 Oz.) Refried Beans
1 can (about 8 Oz.) Hot Tomato Sauce Or Chili Sauce (optional)
 Pico De Gallo
 Shredded Cheese
 Lettuce
 Sour Cream
1 whole Avocado
 Vegetable Oil",http://thepioneerwoman.com/cooking/2008/01/leftover_brisket_make_tostadas/,http://static.thepioneerwoman.com/cooking/files/2010/07/2189916287_31398ea690.jpg,PT5M,6,2008-01-15,PT15M,"    There are few things more exciting, culinarily speaking, than slaving away over a dish for hours, then finding a way to u...",1200.0,Easy
Spicy Shredded Pork,"4 pounds (up To 7 Pounds) Pork Shoulder
1 teaspoon Dried Oregano
1 teaspoon Ground Cumin
1 teaspoon Chili Powder
1 Tablespoon (to 2 Tablespoons) Salt
 Pepper To Taste
3 cloves (to 4 Cloves) Garlic
1 Tablespoon (to 2 Tablespoons) Olive Oil
2 Tablespoons (to 3 Tablespoons) White Wine Vinegar
1/4 cup Brown Sugar
1 whole Onion
 Lime Wedges",http://thepioneerwoman.com/cooking/2008/08/spicy-shredded-pork/,http://static.thepioneerwoman.com/cooking/files/2008/08/Spicy-Shredded-Pork.jpg,PT4H,8,2008-08-06,PT20M,"   Oh my goodness, am I ever in love with pork shoulder. Wait a minute...did I just say that? That I'm in love with pork...",15600.0,Hard
Lemon Rosemary Scones," SCONES
3 cups All-purpose Flour
2/3 cups Sugar
5 teaspoons Baking Powder
1/4 teaspoon Salt
2 sticks (1/2 Pound) Unsalted Butter, Chilled And Cut Into Pieces
1 whole Large Egg
1 cup Heavy Cream
1 Tablespoon Finely Minced Fresh Rosemary
 Zest Of 1 Lemon
 GLAZE
5 cups Powdered Sugar, Sifted
1/2 cup Whole Milk, More If Needed For Thinning
 Zest And Juice From 1 Lemon
1 teaspoon Finely Minced Fresh Rosemary
 Dash Of Salt",http://thepioneerwoman.com/cooking/2013/02/lemon-rosemary-scones/,http://static.thepioneerwoman.com/cooking/files/2013/02/lrscones.jpg,PT18M,24,2013-02-25,PT20M,"I made these wonderfully delightful scones for my holiday cookbook as part of a big Mother's Day spread, but I knew the day I...",2280.0,Medium
Pioneer Woman’s Favorite Sandwich,"1 Tablespoon Dijon Mustard, to taste
1 Tablespoon Mayonnaise, to taste
1 whole Tomato
1 whole Red Onion, Small
2 slices Mild Cheddar
1 can (4 Oz.) Whole Green Chilies
2 slices Provolone
2 slices Rye Bread
 Butter",http://thepioneerwoman.com/cooking/2007/10/pioneer_womans_favorite_sandwich/,http://static.thepioneerwoman.com/cooking/files/2010/07/1470622409_212bb118bd.jpg,PT5M,1,2007-10-02,PT10M,"    Mmmmm...this is it, folks: The Sandwich That Brings Me the Most Happiness in Life. Granted, it's no Marlboro Man's Favori...",900.0,Easy
Pioneer Woman’s Favorite Sandwich,"1 Tablespoon Dijon Mustard, to taste
1 Tablespoon Mayonnaise, to taste
1 whole Tomato
1 whole Red Onion, Small
2 slices Mild Cheddar
1 can (4 Oz.) Whole Green Chilies
2 slices Provolone
2 slices Rye Bread
 Butter",http://thepioneerwoman.com/cooking/2007/10/pioneer_womans_favorite_sandwich/,http://static.thepioneerwoman.com/cooking/files/2010/07/1470622409_212bb118bd.jpg,PT5M,1,2007-10-02,PT10M,"    Mmmmm...this is it, folks: The Sandwich That Brings Me the Most Happiness in Life. Granted, it's no Marlboro Man's Favori...",900.0,Easy
Chocolate Calypso Beans (remix),"1 lb. Jacob's Cattle beans
2 T. olive oil
1 large onion, chopped
1 red bell pepper, chopped
5 cloves garlic, minced
2T. ground, dried red chilies (I used med-hot Chimayo)
1 1/2 T ground cumin
2+ t.  ground cinnamon 
1 t. ground allspice
4 1/2 cups water or vegetable stock
1 12 oz. bottle Negro Modelo Mexican beer
1 1/2 discs Ibarra Mexican chocolate",http://www.101cookbooks.com/archives/000116.html,http://www.101cookbooks.com/mt-static/images/food/ranchogordobeans.jpg,,,2004-09-06,,101 Cookbooks: Chocolate Calypso Beans Recipe,900.0,Easy
Chocolate Calypso Beans (remix),"1 lb. Jacob's Cattle beans
2 T. olive oil
1 large onion, chopped
1 red bell pepper, chopped
5 cloves garlic, minced
2T. ground, dried red chilies (I used med-hot Chimayo)
1 1/2 T ground cumin
2+ t.  ground cinnamon 
1 t. ground allspice
4 1/2 cups water or vegetable stock
1 12 oz. bottle Negro Modelo Mexican beer
1 1/2 discs Ibarra Mexican chocolate",http://www.101cookbooks.com/archives/000116.html,http://www.101cookbooks.com/mt-static/images/food/ranchogordobeans.jpg,,,2004-09-06,,101 Cookbooks: Chocolate Calypso Beans Recipe,900.0,Easy
Green Curry with Tofu,"Ingredients for chili paste:
2 green hot chilies (Thai chilies)
1 tablespoon chopped shallots
1 teaspoon chopped galangal 
1/2 teaspoon chopped kaffir lime rind
1 tablespoon chopped garlic
1 tablespoon chopped lemongrass
1 tablespoon chopped krachai
1/4 teaspoon roasted cumin seeds
1/4 teaspoon roasted coriander seeds
1/2 teaspoon salt
Other ingredients:
1 cup sliced eggplants
1/4 cup smaller pea-like eggplants (makheau phuang)
1/3 cup sliced onion
70 grams sliced chicken (or firm tofu)
1 teaspoon sugar
1 tablespoon fish sauce (or soy sauce for vegetarians)
3 kaffir lime leaves
2 stems sweet basil (horapaa)
1 cup coconut milk
1 cup water
(Again, chicken can be replaced tofu)",http://www.101cookbooks.com/archives/000130.html,http://www.101cookbooks.com/mt-static/images/food/.jpg,,,2004-12-01,,101 Cookbooks: Green Curry with Tofu Recipe,900.0,Easy
Green Curry with Tofu,"Ingredients for chili paste:
2 green hot chilies (Thai chilies)
1 tablespoon chopped shallots
1 teaspoon chopped galangal 
1/2 teaspoon chopped kaffir lime rind
1 tablespoon chopped garlic
1 tablespoon chopped lemongrass
1 tablespoon chopped krachai
1/4 teaspoon roasted cumin seeds
1/4 teaspoon roasted coriander seeds
1/2 teaspoon salt
Other ingredients:
1 cup sliced eggplants
1/4 cup smaller pea-like eggplants (makheau phuang)
1/3 cup sliced onion
70 grams sliced chicken (or firm tofu)
1 teaspoon sugar
1 tablespoon fish sauce (or soy sauce for vegetarians)
3 kaffir lime leaves
2 stems sweet basil (horapaa)
1 cup coconut milk
1 cup water
(Again, chicken can be replaced tofu)",http://www.101cookbooks.com/archives/000130.html,http://www.101cookbooks.com/mt-static/images/food/.jpg,,,2004-12-01,,101 Cookbooks: Green Curry with Tofu Recipe,900.0,Easy
Fresh Apple Salsa,"2 tart apples, locally grown if possible
4 tablespoons lime juice
1 fresh jalapeno chile
1 fresh Anaheim chile
1/2 medium onion, finely chopped
Handful of cilantro, roughly chopped
1/2 cup (2 ounces) walnuts, coarsely chopped and lightly toasted
2 tablespoons peeled and finely slivered fresh ginger
1/4 teaspoon salt",http://www.101cookbooks.com/archives/000170.html,http://www.101cookbooks.com/mt-static/images/food/applesalsa.jpg,,Serves 4 to 6.,2005-05-28,,101 Cookbooks: From the Archives: Fresh Apple Salsa Recipe,900.0,Easy
Roasted Beet and Blood Orange Salad with Spicy Greens,"1 1/2 pounds medium gold beets
1 1/2 pounds medium red beets
Extra virgin olive oil
Salt
Freshly ground black pepper
6 small blood oranges
Blood Orange Sherry Vinaigrette (recipe follows)
1/4 pound baby arugula
1/4 pound baby spinach
1/4 cup sherry vinegar
1/4 cup finely chopped chives
2 small blood oranges
1 medium shallot, peeled, trimmed, and minced
2 tablespoons sherry vinegar
Salt
Freshly ground black pepper
1/4 to 1/2 cup extra virgin olive oil",http://www.101cookbooks.com/archives/000135.html,http://www.101cookbooks.com/mt-static/images/food/beetsalad.jpg,,,2005-01-07,,"A beautiful beet salad, it can be done without the greens, or with just a bit of greens as a side dish. The vinaigrette is delicious, and the salad looks stunning as part of a larger spread. It would make a great addition to any winter buffet.",900.0,Easy
Red Rice Salad with Boiled Eggs and Macadamias,"1 3/4 cups to 2 cups water
1 cup red rice
2 tablespoons oil 
4 large shallots, chopped
3 cloves garlic, chopped
1 large red chile, seeded and chopped
1-inch piece ginger root, chopped (hs note: I grated it)
1 teaspoon ground coriander
1 large carrot, thinly sliced
8 ounces green beans, trimmed and chopped
1/2 cup coconut milk (hs note: lite is fine)
1/4 cup soy sauce
1/2 teaspoon molasses
4 large eggs, boiled and peeled
1 large lime, quartered
1/2 cup julienned fresh basil
1/4 cup macadamia nuts, toasted and chopped",http://www.101cookbooks.com/archives/red-rice-salad-recipe.html,http://www.101cookbooks.com/mt-static/images/food/redricesaladrecipe_07.jpg,,Serves 8.,2007-09-19,,"Indonesian red rice salad with boiled eggs and macadamias. Riveting to look at, with a wonderfully complex array of flavors and textures to enjoy.
",900.0,Easy
Sweet Potato Pot Pie Recipe,"3 tablespoons extra-virgin olive oil  
1 medium white or yellow onion, chopped  
3 cloves garlic, chopped  
2 1/2 to 3 cups sweet potatoes, peeled and diced into  1/4-inch pieces  
1/2 teaspoon salt (plus more to taste)  
1 tablespoon adobo sauce from a can of chipotle chilies (or more to taste)  
1 cup corn kernels, fresh or frozen  
2 cups cold whole or low-fat milk  
2 tablespoons cornstarch  
1 box puff pastry dough (allow 20 to 30 minutes to thaw)  
1 egg white",http://www.101cookbooks.com/archives/000127.html,http://www.101cookbooks.com/mt-static/images/food/potpies1.jpg,,,2004-11-15,,"A recipe from my first book that was featured in the Washington post - sweet potatoes, chipotle, corn, onions, and puff pastry.",900.0,Easy
Egg Salad Sandwich (the only one I'll eat),"6 large eggs
1-2 tablespoons mayonnaise (or Greek yogurt)
Salt and pepper
A tiny squeeze of lemon juice
2 stalks celery, washed and chopped
1/2 bunch chives, chopped
2 small handfuls of lettuce
8 slices of whole grain bread, toasted",http://www.101cookbooks.com/archives/001575.html,http://www.101cookbooks.com/mt-static/images/food/eggsaladsandwich.jpg,,,2007-04-08,,"The egg salad sandwich recipe I turn to multiple times a week. Light on the mayo, with good quality eggs, chopped celery, and a sprinkling of chives on thinly sliced whole grain bread.",900.0,Easy
Salsa of the Year,"3 T. vegetable oil 
1 ounce dried mirasol (milder) or smoked serrano (more heat) chilies
garlic, 12 small to medium cloves - peeled
Another 3 T. vegetable oil
1 1/4 cups vegetable broth
- Stir in 1/3 cup cream (or to taste) - for a slightly creamy sauce that will add a bit of kick to a wide range of recipes. (this is the sauce you see in the pictures on this post). Drizzle on savory crepes, egg dishes, casseroles, etc.
- Stir a couple tablespoons into light or vegan mayo for a spicy sandwich spread.
- Spread on panini: with all sorts of fixings.",http://www.101cookbooks.com/archives/000325.html,http://www.101cookbooks.com/mt-static/images/food/soty1.jpg,,Makes about 1 cup.,2005-08-21,,"Smoky and creamy, this salsa recipe is best drizzled over eggs, quesadilla, and crepes.",900.0,Easy
Salsa of the Year,"3 T. vegetable oil 
1 ounce dried mirasol (milder) or smoked serrano (more heat) chilies
garlic, 12 small to medium cloves - peeled
Another 3 T. vegetable oil
1 1/4 cups vegetable broth
- Stir in 1/3 cup cream (or to taste) - for a slightly creamy sauce that will add a bit of kick to a wide range of recipes. (this is the sauce you see in the pictures on this post). Drizzle on savory crepes, egg dishes, casseroles, etc.
- Stir a couple tablespoons into light or vegan mayo for a spicy sandwich spread.
- Spread on panini: with all sorts of fixings.",http://www.101cookbooks.com/archives/000325.html,http://www.101cookbooks.com/mt-static/images/food/soty1.jpg,,Makes about 1 cup.,2005-08-21,,"Smoky and creamy, this salsa recipe is best drizzled over eggs, quesadilla, and crepes.",900.0,Easy
My Favorite Grilled Kabob Recipe,"Muhammara Slather:
1 tablespoon crushed red pepper
flakes or 1 small red chile
1/2 teaspoon ground cumin
3/4 cup walnuts, toasted
1/4 cup whole-grain  bread crumbs
1/4 cup extra-virgin olive oil
2 tablespoons pomegranate molasses
1/4 cup tomato paste
2 to 3 roasted red peppers
1/2 to 1 cup warm water
1/2 teaspoon fine-grain sea salt
Kabobs
2 red onions, each cut into 6 wedges
3 lemons, each cut into 4 lengthwise wedges
12 ounces extra-firm tofu, cut into 12 equal-sized cubes
12 mushrooms
extra-virgin olive oil, for brushing
fine-grain sea salt
Special equipment: 6 wooden skewers",http://www.101cookbooks.com/archives/my-favorite-grilled-kabob-recipe.html,http://www.101cookbooks.com/mt-static/images/food/grilledkabobsrecipe.jpg,,Makes 6 kabobs.,2007-06-27,,"A kabob recipe featuring grilled mushrooms, lemons, tofu red onions and a delicious red pepper walnut slather.",900.0,Easy
Hazelnut &amp; Chard Ravioli Salad Recipe,"3/4 lb. raviolis (see headnotes)
2-3 tablespoons extra virgin olive oil, divided
fine grain sea salt
2 yellow onions, thinly sliced
1 bunch swiss chard, deveined and cut into 1/2-inch ribbons
1/4 cup Parmesan cheese, freshly grated
1/2 cup hazelnuts, toasted and chopped
1 cup butternut squash ""croutons""
zest of one lemon
1/4 cup chives, minced ",http://www.101cookbooks.com/archives/hazelnut-chard-ravioli-salad-recipe.html,http://www.101cookbooks.com/mt-static/images/food/raviolisalad_winter.jpg,,Serves 6.,2007-11-25,,"Plump raviolis tossed with toasted hazelnuts, sauteed ribbons of chard, and caramelized onions are at the heart of this ravioli salad recipe. The colorful platter is finished off with a dusting of cheese, snipped chives, and lemon zest. You can prepare most of the components ahead of time.",900.0,Easy
Buttermilk Farro Salad Recipe,"2 medium cloves garlic, minced
1 teaspoon fine grain sea salt
1 cup / 240 ml buttermilk
1/4 cup / 60 ml good-quality white wine vinegar
1/4 cup / 60 ml extra virgin olive oil
1/4 cup chopped dill
1/2 cup chopped chives
1 tablespoon chopped thyme
7 small radishes, sliced paper thin
3 small zucchini, sliced paper thin
1 medium head of fennel, trimmed and sliced paper thin
4 cups cooked farro, cooled to room temp
chopped chives for garnish",http://www.101cookbooks.com/archives/buttermilk-farro-salad-recipe.html,http://www.101cookbooks.com/mt-static/images/food/buttermilk_farro_recipe.jpg,PT10M,Serves 8.,2010-08-12,PT20M,"A buttermilk farro salad inspired by one I had at Clyde Common in Portland, Oregon - farro with shaved radishes, zucchini, and fennel tossed with a tangy herbed buttermilk vinaigrette.",1800.0,Medium
Ottolenghi Soba Noodles,"1/2 cup / 120 ml brown rice vinegar
scant 1/3 cup / 1.5 oz / 40 g fine-grain natural cane sugar or brown sugar
1/2 teaspoon fine grain sea salt
2 garlic cloves, peeled and crushed
1/4 teaspoon red pepper flakes or 1/2 fresh red chile, minced
1 teaspoon toasted sesame oil
grated zest and juice of one lime
1/3 cup / 80 ml sunflower oil or olive oil
1 medium eggplant/aubergine 3/4 lb / 12 oz, cut into 1/2-inch / 1cm chunks
8 ounces / 225g dried soba noodles
1 large ripe mango, cut into small chunks
8 ounces grilled or pan-fried tofu, cut into tiny cubes
1/2 medium red onion, very thinly sliced
a handful of basil leaves, slivered
a handful of fresh cilantro / coriander, chopped",http://www.101cookbooks.com/archives/ottolenghi-soba-noodles-with-aubergine-and-mango-recipe.html,http://www.101cookbooks.com/mt-static/images/food/ottolenghi_soba_noodles.jpg,PT30M,,2010-10-26,PT15M,"Spicy brown sugar and lime-sauced soba noodles with tofu, eggplant, mango and lots of herbs. Inspired by a rare mango find, and a recipe in Yotam Ottolenghi's cookbook, Plenty.",2700.0,Medium
Green Olive Gnocchi Recipe,"3 cloves garlic, finely chopped
1 large yellow onion, finely chopped
3 tablespoons extra-virgin olive oil or clarified butter
scant 3/4 cup / 180 ml vegetable broth
1/3 cup / 80 ml heavy cream
1 2/3 cup / 200 g green olives, pitted and chopped
fresh lemon juice
1 pound store-bought gnocchi, either fresh or packaged
top with: fried capers, bread crumbs, toasted almonds, and/or chives",http://www.101cookbooks.com/archives/green-olive-gnocchi-recipe.html,http://www.101cookbooks.com/mt-static/images/food/green_olive_gnocchi_recipe.jpg,PT10M,,2010-12-04,PT10M,"At the heart of this recipe is a completely quirky and off-beat sauce made from pureed green olives. Served with golden, pan-fried gnocchi, capers, toasted almonds and chives. You can easily tweak it to work with pasta or grains as well.",1200.0,Easy
Cucumber Peanut Salad,"3 medium cucumbers, partially peeled
1-2 green serrano chiles, stemmed and minced
1/2 cup / 2.5 ounces / 70 g peanuts, toasted
1/3 cup / 1.5 ounces / 45 g dried large-flake coconut, toasted
2 tablespoons fresh lemon juice
1 teaspoon natural cane sugar
1 tablespoon, ghee, clarified butter, or sunflower oil
1/2 teaspoon black mustard seeds
1/4 teaspoon cumin seeds
scant 1/2 teaspoon fine grain sea salt
a handful cilantro, chopped",http://www.101cookbooks.com/archives/cucumber-peanut-salad-recipe.html,http://www.101cookbooks.com/mt-static/images/food/cucumber_peanut_salad_recipe.jpg,PT3M,,2011-05-03,PT10M,"We picked two new cookbooks to focus on in the 101 Cookbooks Library, and this recipe is inspired by a recipe from one of them. A refreshing chopped cucumber salad loaded with peanuts, spices, coconut, and chiles.",780.0,Easy
Sprout Salad,"3/4 cup / 6 oz / 170 g plain Greek yogurt
1/4 teaspoon salt, plus more to taste
1 handful arugula, chopped
1 small bunch chives, minced
8 oz mung bean sprouts (or equiv. cooked mung beans), about 2 cups
a big handful of well-toasted, sliced almonds
1 ripe avocado, chopped
good extra virgin olive oil
to finish: chive flowers (optional)",http://www.101cookbooks.com/archives/sprout-salad-recipe.html,http://www.101cookbooks.com/mt-static/images/food/sprout_salad_recipe.jpg,,Serves 2 - 4.,2012-05-24,PT5M,"One of the best salads I've made in a long time (mung bean sprouts, avocado, arugula, yogurt, almonds) &amp; a look at the QUITOKEETO packaging.",480.0,Easy
Sunchoke and Cashew Stir-fry,"1 teaspoon peanut or sunflower oil
1 egg, beaten
1 tablespoon peanut or sunflower oil, plus more if needed
1 tablespoon minced ginger
2 cloves minced garlic
3 medium shallots, chopped
1/2 serrano chile pepper, deveined and minced
1 cup very thinly sliced sunchokes, well scrubbed
Kernels from 2 ears of corn
1 1/2 - 2 cups day-old, cooked brown rice
1 egg, beaten (optional)
1 tablespoon soy sauce, plus more to taste
1/3 cup toasted almond slices
1/2 cup toasted cashews
fine grain sea salt and pepper, to taste
plenty of chopped fresh basil",http://www.101cookbooks.com/archives/sunchoke-and-cashew-stirfry-recipe.html,http://www.101cookbooks.com/mt-static/images/food/sunchoke_cashew_stirfry_recipe.jpg,PT3M,"Serves 2-3 as a main course, more as part of a larger multi-course meal.",2012-07-12,PT10M,"A beautiful fried rice made with brown rice, egg, sunchokes, cashews, and basil when Grace Young came over for lunch last week.",780.0,Easy
In a Hurry Green Curry Recipe,"2 teaspoons green curry paste*
scant 1/2  teaspoon salt
1 14-ounce can coconut milk (light ok)
1 large onion, sliced
14 ounces water or light vegetable broth
6 ounces of firm tofu cut into 1/2 inch cubes
1 cup peas, fresh or frozen
2 cups asparagus, cut into 1/2-inch segments
squeeze of fresh lime juice
1/4 cup small basil leaves
2 green hot chilies (Thai chilies)
1 tablespoon chopped garlic
1 tablespoon chopped shallots
1 teaspoon chopped galangal
1/2 teaspoon chopped kaffir lime rind
1 tablespoon chopped lemongrass
1 tablespoon chopped krachai
1/4 teaspoon roasted cumin seeds
1/4 teaspoon roasted coriander seeds
1/2 teaspoon salt",http://www.101cookbooks.com/archives/in-a-hurry-green-curry-recipe.html,http://www.101cookbooks.com/mt-static/images/food/light_greencurry_recipe.jpg,,Serves 4.,2008-05-15,,"A quick and delicious green curry recipe - peas, asparagus, and tofu swimming in a fragrant, not-overly-rich Thai green chile broth.",780.0,Easy
Lime &amp; Peanut Coleslaw Recipe,"1 1/2 cups unsalted raw peanuts
1/2 of a medium-large cabbage
1 basket of tiny cherry tomatoes, washed and quartered
1 jalapeno chile, seeded and diced
3/4 cup cilantro, chopped
1/4 cup freshly squeezed lime juice
2 tablespoons olive oil
1/4 teaspoon + fine-grain sea salt",http://www.101cookbooks.com/archives/lime-peanut-coleslaw-recipe.html,http://www.101cookbooks.com/mt-static/images/food/coleslaw_recipe.jpg,,Serves 6 as a side.,2008-07-02,,"This feather-light, mayo-free, coleslaw recipe uses toasted peanuts, cherry tomatoes, and lime vinaigrette and is perfect alongside fajitas, or whatever you have coming off the grill. Keep in mind - great coleslaw is rooted in great knife skills. ",780.0,Easy
Lentil Almond Stir-Fry Recipe,"Mint sauce (optional)
1 cup fresh mint leaves
1/2 serrano chile pepper, de-veined and seeded
2 tablespoons olive oil
pinch of salt
a touch of sugar, or honey, or agave nectar
1 tablespoon lemon juice
extra-virgin olive oil
6 to 8 very small new potatoes, cut into 1/2 pieces
2 cups cooked brown or black lentils
12 brussels sprouts, trimmed and quartered
1/4 cup sliced almonds, toasted
1/3 cup plain Greek yogurt, thinned out with a bit of water, and salted with a pinch of salt
2 dates, pitted and chopped",http://www.101cookbooks.com/archives/lentil-almond-stirfry-recipe.html,http://www.101cookbooks.com/mt-static/images/food/lentil_almond_stirfry.jpg,,Serves 2-3.,2009-01-03,,"A good cold-weather stir-fry recipe. Tiny potatoes, brussels sprout wedges, toasted almonds and lentils are served with a drizzle of mint and a bit of thinned-out, salted plain yogurt, and a sprinkling of chopped dates.",780.0,Easy
Summer Green Bean Salad Recipe,"3/4 pound green beans, stems pinched off
1 teaspoon finely chopped chives
1/4 teaspoon finely chopped fresh thyme
1 tablespoon minced shallots
2 tablespoons lemon juice
2 tablespoons heavy cream
scant 1/4 teaspoon salt
tiny pinch of freshly ground pepper
1/3 cup olive oil
1 teaspoon honey (optional)
a handful of frisee or little gem hearts
a handful of small cherry tomatoes, each cut in half
1/2 cup hazelnuts, smashed and toasted",http://www.101cookbooks.com/archives/summer-green-bean-salad-recipe.html,http://www.101cookbooks.com/mt-static/images/food/contigo_greenbean_salad.jpg,PT10M,,2009-08-17,PT10M,"The perfect summer salad inspired by a memorable meal at Contigo - green beans, cherry tomatoes, roasted hazelnuts, and a bit of frisee tossed with a creamy herb vinegreta.",1200.0,Easy
Green Pea Soup Recipe,"3 tablespoons fresh ginger, well chopped
10 sm-med cloves garlic, smashed and peeled
2 serrano chiles, stemmed and chopped
1/4 teaspoon ground cumin, plus more to serve
3 tablespoons ghee or sunflower oil
2 bay leaves
1 medium onion, chopped
4 1/2 cups good-tasting vegetable stock or water
3 1/2 cups / 500 g / 18 oz shelled fresh or frozen peas
1 teaspoon sea salt, or to taste
a squeeze of fresh lemon juice
8 fresh mint leaves, slivered
pan-fried paneed, queso fresco, or haloumi, cut into tiny cubes - optional",http://www.101cookbooks.com/archives/green-pea-soup-recipe.html,http://www.101cookbooks.com/mt-static/images/food/pea_soup_recipe.jpg,PT10M,Serves 4 - 6.,2011-05-31,PT7M,"A simple Indian-spiced green pea soup, and a few snapshots of things I'm bringing with me in a move up the street.",1020.0,Easy
Spicy Lemon Coconut Sauce,"1 clove garlic, peeled
1 medium jalapeno (or serrano) chile, deseeded and chopped
1/2 teaspoon fine grain sea salt, plus more to taste
1 tablespoons sunflower oil
1 small bunch of scallions, thinly sliced (~8 scallions)
1/2 cup finely chopped cilantro
1 14-ounce can of coconut milk (full fat)
3 tablespoons freshly squeezed lemon juice, plus more to taste",http://www.101cookbooks.com/archives/spicy-lemon-coconut-sauce-recipe.html,http://www.101cookbooks.com/mt-static/images/food/spicy_lemon_coconut_sauce.jpg,,Makes about 2 1/2 cups.,2012-04-27,PT5M,"A spicy lemon coconut sauce that is good on just about everything - noodles, frittatas, soups. Keep a jar in the refrigerator, and you can use it to make things a little special throughout the week.",900.0,Easy
Yellow Bean Salad,"1 pound / 16 oz yellow runner beans
1 serrano chile, stemmed and seeded
5 green onions, green parts trimmed &amp; reserved
a big handful of cilantro
1 clove garlic, peeled and smashed
3/4 teaspoon fine grain sea salt
1 tablespoon sunflower oil
1 cup coconut milk, well mixed
1- 2 tablespoons freshly squeezed lemon juice, or to taste
2 big handfuls / 1/2 cup toasted pepitas
1 1/2 cups tiny pan-fried tofu cubes, optional
basil flower garnish, optional",http://www.101cookbooks.com/archives/yellow-bean-salad-recipe.html,http://www.101cookbooks.com/mt-static/images/food/yellow_bean_salad_recipe.jpg,PT10M,,2012-08-19,PT10M,"A summer yellow bean salad with a green chile-spiked, cilantro-flecked, and coconut milk dressing, toasted pepitas, and (if you want to make a meal of it) pan-fried tofu.",1200.0,Easy
Brussels Sprout Salad Recipe,"1 1/2 pound brussels sprouts, freshest you can find
3 tablespoons extra-virgin olive oil
2 - 3 tablespoons fresh lemon juice
1 teaspoon fresh thyme leaves
1/3 cup fresh chives, minced
2-3 big pinches of salt 
1 1/3 cups hazelnuts, smashed just a bit and toasted
2 ounces hard, salty, aged cheese, shaved (pecorino, dry aged jack, Parmesan, etc)",http://www.101cookbooks.com/archives/brussels-sprout-salad-recipe.html,http://www.101cookbooks.com/mt-static/images/food/brussels_sprout_salad_recipe.jpg,,Serves 4 - 6.,2009-02-14,,"A shredded brussels sprout salad recipe, slaw-like in spirit, accompanied by lots of toasted hazelnuts, and shard after shard of aged cheese. The sprouts are tossed with a few glugs of olive oil and a big squeeze of fresh, fragrant lemon juice.",1200.0,Easy
New Year Noodle Soup,"2 tablespoons olive oil
1 onion, thinly sliced
1 long red chili OR green serrano, finely chopped
1/2 teaspoon ground turmeric
1 teaspoon ground cumin
1/4 teaspoon freshly ground black pepper
8 1/2 cups / 2 liters good-tasting vegetable stock/broth
100g / 3.5 oz yellow split peas or brown lentils
1 1/2 cups cooked chickpeas, rinsed if using canned
2 cups / 350g cooked borlotti beans
fine grain sea salt
120 g thin egg noodles, fresh or dried
3 1/2 oz / 100g fresh spinach leaves, finely shredded
1/2 cup finely shredded cilantro leaves
2 tablespoons chopped fresh dill
juice of one lime
Toppings:
1 tablespoon olive oil
1 tablespoon unsalted butter
1 large onion, thinly sliced
100 ml sour cream or creme fraiche
50g / scant 2 ounces of toasted, chopped walnuts",http://www.101cookbooks.com/archives/new-year-noodle-soup-recipe.html,http://www.101cookbooks.com/mt-static/images/food/newyear_noodle_soup_recipe_xl.jpg,PT40M,,2011-01-01,PT20M,"An amazing New Year Noodle Soup from Greg &amp; Lucy Malouf's beautiful book, Saraban. It's a bean and noodle soup at its core featuring thin egg noodles swimming in a fragrant broth spiced with turmeric, cumin, chiles, and black pepper. You use a medley of lentils, chickpeas, and borlotti beans which makes the soup heart and filling without being heavy. You add spinach, dill, and cilantro. You add lime juice for a bit of sour at the end. And then you've got a number of toppings to add when you serve the soup - chopped walnuts, caramelized onions, and sour cream. Amazing.",3600.0,Medium
Moroccan Mint Roasted Vegetables,"1 lb / 16 oz / 450 g mix of potatoes, cauliflower, and a few radishes (save the tops)
1 1/2 teaspoons dried mint
1/2 teaspoon red chile pepper flakes
1/2 teaspoon cumin seeds
1/2 teaspoon fine grain sea salt
1 teaspoon ground cumin
1/2 teaspoon cinnamon
1 teaspoon ground ginger
4 tablespoons extra virgin olive oil
a squeeze of fresh lemon juice
toppings: fresh mint, toasted sesame and/or pumpkin seeds, plain yogurt (seasoned with a bit of salt)",http://www.101cookbooks.com/archives/moroccan-mint-roasted-vegetables-recipe.html,http://www.101cookbooks.com/mt-static/images/food/moroccan_vegetables.jpg,PT15M,Serves 4.,2012-02-22,PT5M,"A few snapshots from my week in Marrakesh, Morocco + the recipe for a platter of roasted vegetables spiced with dried mint, cumin, ginger, cinnamon, and a kiss of chile. So good with a dollop of salted yogurt and a sprinkle of toasted sesame seeds.",1200.0,Easy
Pumpkin and Rice Soup,"2 tablespoons unsalted butter
1 medium onion, chopped
1 large shallot, chopped
1/2 serrano chile, seeds and all, chopped
fine grain sea salt
1 1/2 pounds pumpkin/squash flesh, seeded, peeled, and cut into 3/4-inch chunks
1 teaspoon fresh ginger juice, pressed from grated ginger
cooked brown rice, warm
other toppings: plain yogurt, toasted pepitas, lemon ginger rosemary butter* (and pulp)",http://www.101cookbooks.com/archives/pumpkin-and-rice-soup-recipe.html,http://www.101cookbooks.com/mt-static/images/food/pumpkin_rice_soup.jpg,PT25M,Serves 4-6.,2012-10-27,PT10M,The pumpkin soup I made as soon as I got home from India - with an herby butter drizzle and lemon ginger pulp. And some pictures of a photo session on the street in Jaipur.,2100.0,Medium
Baked Egg Recipe,"2-3 tablespoons extra virgin olive oil
3 big pinches ground cumin
2 big pinches chili flakes
2 big pinches smoked paprika
2 big pinches fine sea salt
1 cup spring (or regular) onion, chopped
1 clove garlic, chopped
1 cup cherry tomatoes, halved or quartered
2 pieces of pita bread, cut into quarters
6 large organic eggs
Garnish: finely chopped tomatoes, chile flakes, cilantro (optional)
Special equipment: standard 12 muffin tin",http://www.101cookbooks.com/archives/baked-eggs-recipe.html,http://www.101cookbooks.com/mt-static/images/food/bakedeggrecipe_07.jpg,,Makes six egg cups.,2007-05-18,,"Baked eggs in edible cups with cherry tomatoes, garlic, olive oil and  lots of vibrant spices.",2100.0,Medium
Skinny Omelette Recipe,"2 large (preferably organic) eggs
a tiny pinch of fine grain sea salt
a few tablespoons of chopped chives
a dollop of pesto
a bit of goat cheese or feta
a small handful of mixed salad greens",http://www.101cookbooks.com/archives/skinny-omelette-recipe.html,http://www.101cookbooks.com/mt-static/images/food/omeletterecipe.jpg,,Serves one or two.,2007-06-13,,"Eggs cooked crepe thin and stuffed. A delicious and lighter alternative to heavy, cheese-stuffed omelette recipes - great for lunch and brunch.",2100.0,Medium
Curried Egg Salad Recipe,"5 good quality eggs
1 1/2 teaspoons curry powder (your favorite)
3 tablespoons plain yogurt 
2 big pinches of salt
1/2 small onion, chopped
1/2 medium apple, chopped
1/4 cup pecans, toasted and chopped
1 small bunch of chives, minced",http://www.101cookbooks.com/archives/curried-egg-salad-recipe.html,http://www.101cookbooks.com/mt-static/images/food/egg_salad_recipe_08.jpg,,Serves 3-4,2008-02-04,,"A variation on my favorite egg salad recipe, this version uses plain yogurt in place of mayo and incorporates curry powder, chopped apples, toasted pecans, and minced chives. ",2100.0,Medium
Herb Cream Cheese Scrambled Eggs,"8 oz / 225 g cream cheese, room temperature
4 tablespoons chopped herbs - equal parts thyme, tarragon, oregano
6 green onions, with greens, chopped
1/3 cup (big handful) chopped chives
fine grain sea salt and freshly ground pepper
1 tablespoon unsalted butter
3 eggs, well whisked
plenty of toast, for serving",http://www.101cookbooks.com/archives/herb-cream-cheese-scrambled-eggs-recipe.html,http://www.101cookbooks.com/mt-static/images/food/herb_creamcheese_scrambled_eggs.jpg,PT5M,,2011-08-15,PT5M,A scrambled egg recipe taught to me by the lovely Lynn from Satsuma Press - herby cream cheese is the last-second finish that make these eggs simple but special.,600.0,Easy
Peter Reinhart's Napoletana Pizza Dough Recipe,"4 1/2 cups (20.25 ounces)  unbleached high-gluten, bread, or all-purpose flour, chilled 
1 3/4 (.44 ounce) teaspoons salt
1 teaspoon (.11 ounce) instant yeast 
1/4 cup (2 ounces) olive oil (optional)
1 3/4 cups  (14 ounces)  water, ice cold (40°F) 
Semolina flour OR cornmeal for dusting ",http://www.101cookbooks.com/archives/001199.html,http://www.101cookbooks.com/mt-static/images/food/best_pizza_dough_recipe.jpg,,Makes six 6-ounce pizza crusts.,2006-01-30,,Peter Reinhart's Napoletana pizza dough recipe. It makes my all-time favorite pizza dough using a delayed-fermentation method. ,600.0,Easy
A Tasty Frittata Recipe,"Cilantro Chile Sauce
2 large cloves garlic
1/2 cup extra virgin olive oil
2 tablespoons lemon juice, freshly squeezed
1 small bunch cilantro
1 green (serrano) chile, seeds removed
2 pinches ground cumin
 a couple big pinches of salt 
Frittata
6 large organic eggs
1 tablespoon olive oil
1 small yellow onion, chopped
3 small potatoes, very very thinly sliced
1/2 cup yellow zucchini or cauliflower,1/2-inch pieces
1/4 cup goat cheese, crumbled
1/4 cup pumpkin seeds, toasted 
couple pinches of salt",http://www.101cookbooks.com/archives/a-tasty-frittata-recipe.html,http://www.101cookbooks.com/mt-static/images/food/frittatarecipe_07.jpg,,Serves 2 to 4.,2007-12-20,,"The prettiest, tastiest, frittata recipe. Made with potatoes, onions, and eggs drizzled with a cilantro chile sauce. ",600.0,Easy
"Cheesy, Heirloom, Panini Batons","1 clove of garlic
2 tablespoons of extra-virgin olive oil
1 cup ricotta cheese
1/2 cup fresh basil
1 bunch of chives
1/2 teaspoon fine grain sea salt
Mozzarella (preferably water-packed)
Small heirloom tomatoes, sliced 1/4-inch thick
1 flat slab of ciabatta, sturdy foccacia bread, or comparable
Salt and pepper",http://www.101cookbooks.com/archives/001455.html,http://www.101cookbooks.com/mt-static/images/food/paninibatons.jpg,,,2006-07-29,,"One-inch wide slabs of toasted, cheesy, heirloom tomato filled deliciousness slathered with a basil-chive ricotta spread. ",600.0,Easy
My Dad's Garlic Bread,"1 loaf artisan French bread or wide baguette
1 - 2 heads of garlic
1 - 2 sticks of unsalted butter
1 bunch of chives (optional)
zest of one lemon (optional)",http://www.101cookbooks.com/archives/001563.html,http://www.101cookbooks.com/mt-static/images/food/garlicbreadbest.jpg,,,2007-02-21,,"My dad shares his oft-requested garlic bread recipe - garlic, lots of butter, chives, and lemon zest slathered on a wide baguette. A garlic-studded, golden crusted masterpiece. ",600.0,Easy
